City_ID,City,Country,Date,Lat,Lng,Max Temp,Humidity,Cloudiness,Wind Speed
0,Grindavik,IS,2021-09-25 13:55:37,63.8424,-22.4338,45.07,57,75,19.57
1,Leshukonskoye,RU,2021-09-25 14:03:40,64.8989,45.7622,45.91,97,100,7.31
2,Bluff,NZ,2021-09-25 13:55:45,-46.6,168.3333,38.8,64,59,19.53
3,Sozimskiy,RU,2021-09-25 14:03:40,59.7418,52.2482,47.55,90,100,7.81
4,Ushuaia,AR,2021-09-25 13:55:38,-54.8,-68.3,40.66,70,75,8.05
5,Cape Town,ZA,2021-09-25 13:54:07,-33.9258,18.4232,70.12,64,0,20.71
6,Busselton,AU,2021-09-25 13:55:38,-33.65,115.3333,57.04,73,94,12.73
7,Punta Arenas,CL,2021-09-25 13:55:42,-53.15,-70.9167,41.11,75,75,9.22
8,Mataura,NZ,2021-09-25 13:55:27,-46.1927,168.8643,38.48,98,86,3.69
9,Torbay,CA,2021-09-25 13:57:55,47.6666,-52.7314,53.76,73,75,2.3
10,Harper,LR,2021-09-25 14:02:55,4.375,-7.7169,81.05,77,100,11.16
11,Sao Miguel Do Araguaia,BR,2021-09-25 14:03:41,-13.275,-50.1628,97.77,26,2,8.08
12,Chokurdakh,RU,2021-09-25 13:55:57,70.6333,147.9167,32.79,97,100,13.38
13,Santa Fe,AR,2021-09-25 14:03:41,-31.6333,-60.7,71.02,51,0,8.01
14,Rikitea,PF,2021-09-25 13:55:40,-23.1203,-134.9692,73.78,73,15,14.94
15,Totness,SR,2021-09-25 14:03:41,5.8833,-56.3167,85.68,69,86,7.99
16,Albany,US,2021-09-25 13:55:32,42.6001,-73.9662,64.74,86,100,1.39
17,Hermanus,ZA,2021-09-25 13:55:38,-34.4187,19.2345,69.91,47,90,19.37
18,Pevek,RU,2021-09-25 13:55:32,69.7008,170.3133,29.01,98,100,16.15
19,Lata,PT,2021-09-25 13:55:53,40.1629,-8.3327,74.35,77,99,8.21
20,Salalah,OM,2021-09-25 13:56:04,17.0151,54.0924,81.79,83,52,6.31
21,Bichena,ET,2021-09-25 14:03:42,10.45,38.2,61.54,74,51,3.62
22,Faya,SA,2021-09-25 13:57:12,18.3851,42.4509,84.31,26,35,6.46
23,Nikolskoye,RU,2021-09-25 13:56:16,59.7035,30.7861,52.88,95,100,6.2
24,Salinopolis,BR,2021-09-25 14:02:40,-0.6136,-47.3561,85.32,65,100,13.58
25,Baiyin,CN,2021-09-25 14:03:42,36.5583,104.2081,64.06,61,76,2.21
26,Camana,PE,2021-09-25 14:03:43,-16.6228,-72.7111,65.35,72,18,8.32
27,Port Alfred,ZA,2021-09-25 13:55:32,-33.5906,26.891,71.87,68,100,6.82
28,Qaanaaq,GL,2021-09-25 13:55:30,77.484,-69.3632,20.35,70,99,8.25
29,Jamestown,US,2021-09-25 13:55:30,42.097,-79.2353,60.51,46,100,5.99
30,Thompson,CA,2021-09-25 13:57:02,55.7435,-97.8558,39.36,100,75,2.3
31,Belaya Gora,RU,2021-09-25 13:57:44,68.5333,146.4167,32.32,96,100,17.13
32,Saldanha,ZA,2021-09-25 14:03:05,-33.0117,17.9442,62.28,71,3,9.15
33,Nelson Bay,AU,2021-09-25 14:03:43,-32.7167,152.15,58.1,82,100,1.99
34,Hualmay,PE,2021-09-25 14:03:43,-11.0964,-77.6139,64.56,80,97,7.38
35,Niquero,CU,2021-09-25 14:03:44,20.0431,-77.5828,84.87,68,9,4.99
36,Hobart,AU,2021-09-25 13:54:07,-42.8794,147.3294,42.66,77,75,8.05
37,Carrollton,US,2021-09-25 14:03:44,32.9537,-96.8903,73.72,63,1,3.44
38,Pacific Grove,US,2021-09-25 13:56:37,36.6177,-121.9166,60.57,95,0,3.0
39,Madimba,TZ,2021-09-25 14:03:44,-10.4,40.3333,80.83,60,0,13.85
40,Cherskiy,RU,2021-09-25 13:56:50,68.75,161.3,29.46,96,100,10.22
41,Hof,DE,2021-09-25 14:03:45,50.3167,11.9167,74.68,61,0,6.91
42,Hithadhoo,MV,2021-09-25 13:55:40,-0.6,73.0833,83.43,73,100,11.05
43,Mporokoso,ZM,2021-09-25 14:03:45,-9.3727,30.125,87.71,16,98,2.55
44,Katsuura,JP,2021-09-25 13:56:15,35.1333,140.3,71.19,70,100,16.87
45,Bereda,ES,2021-09-25 13:57:09,43.2686,-7.5406,66.92,93,100,3.04
46,East London,ZA,2021-09-25 13:56:47,-33.0153,27.9116,79.74,57,0,11.5
47,Cayenne,GF,2021-09-25 13:57:53,4.9333,-52.3333,87.84,74,40,3.0
48,Touros,BR,2021-09-25 14:03:46,-5.1989,-35.4608,88.7,57,5,18.3
49,Kodiak,US,2021-09-25 13:53:49,57.79,-152.4072,37.4,59,29,4.12
50,Butaritari,KI,2021-09-25 13:56:27,3.0707,172.7902,83.23,73,71,9.35
51,Barrow,US,2021-09-25 13:55:02,71.2906,-156.7887,17.8,91,99,7.14
52,Bredasdorp,ZA,2021-09-25 13:55:39,-34.5322,20.0403,81.72,16,96,16.11
53,Jardim,BR,2021-09-25 14:03:46,-21.4803,-56.1381,96.49,25,0,0.81
54,Quebec,CA,2021-09-25 14:00:20,46.8123,-71.2145,63.48,80,15,5.01
55,Marzuq,YE,2021-09-25 13:56:57,14.4,46.4667,88.52,22,10,4.05
56,Yaan,NG,2021-09-25 14:03:46,7.3833,8.5667,78.37,80,100,2.59
57,Port Pirie,AU,2021-09-25 14:03:47,-33.1833,138.0167,55.49,76,1,7.38
58,Victoria,HK,2021-09-25 13:56:22,22.2855,114.1577,86.38,78,2,1.01
59,Mayor Pablo Lagerenza,PY,2021-09-25 14:03:47,-19.9309,-60.7718,89.38,21,0,4.43
60,Maniitsoq,GL,2021-09-25 14:03:47,65.4167,-52.9,29.86,52,1,5.5
61,Leningradskiy,RU,2021-09-25 13:55:51,69.3833,178.4167,17.1,77,100,7.63
62,Jijiang,CN,2021-09-25 14:03:47,29.2906,106.2542,83.34,64,20,4.63
63,Vaini,TO,2021-09-25 13:55:28,-21.2,-175.2,68.16,88,75,4.61
64,Bogorodskoye,RU,2021-09-25 14:03:48,56.55,37.8833,47.5,92,100,10.67
65,Staryy Nadym,RU,2021-09-25 14:03:48,65.6118,72.6842,36.19,70,9,8.28
66,Kysyl-Syr,RU,2021-09-25 14:03:49,63.8986,122.7617,32.94,80,12,5.03
67,Axim,GH,2021-09-25 14:03:49,4.8699,-2.2405,81.34,74,85,8.61
68,Sioux Lookout,CA,2021-09-25 13:57:40,50.1001,-91.917,44.98,87,75,9.22
69,Dejen,ET,2021-09-25 14:03:49,10.1667,38.1333,63.41,72,73,0.92
70,Saint-Pierre,RE,2021-09-25 13:56:13,-21.3393,55.4781,73.08,63,0,28.77
71,Airai,TL,2021-09-25 13:56:18,-8.9266,125.4092,60.33,91,99,1.92
72,Cockburn Town,TC,2021-09-25 13:56:55,21.4612,-71.1419,82.29,73,1,4.85
73,Severo-Kurilsk,RU,2021-09-25 13:56:10,50.6789,156.125,47.37,91,100,14.41
74,Miandrivazo,MG,2021-09-25 14:03:50,-19.5167,45.4667,94.05,22,2,11.23
75,Codrington,AU,2021-09-25 13:56:08,-38.2667,141.9667,46.6,64,76,4.25
76,Port Elizabeth,ZA,2021-09-25 13:56:38,-33.918,25.5701,79.11,49,0,16.11
77,Ornskoldsvik,SE,2021-09-25 14:03:50,63.2909,18.7153,57.02,66,40,18.41
78,Puerto Ayora,EC,2021-09-25 13:56:07,-0.7393,-90.3518,70.2,87,99,8.57
79,Beloha,MG,2021-09-25 13:57:53,-25.1667,45.05,84.69,32,0,14.92
80,Peleduy,RU,2021-09-25 14:02:38,59.6289,112.7406,41.0,83,100,8.41
81,College,US,2021-09-25 14:03:43,64.8569,-147.8028,31.21,94,90,0.0
82,Mount Isa,AU,2021-09-25 13:56:14,-20.7333,139.5,73.17,15,0,6.91
83,Clyde River,CA,2021-09-25 13:55:34,70.4692,-68.5914,26.83,86,75,0.0
84,Vila Franca Do Campo,PT,2021-09-25 13:57:25,37.7167,-25.4333,73.81,69,100,15.79
85,Santiago,CL,2021-09-25 14:02:36,-33.4569,-70.6483,57.85,69,56,3.29
86,Yellowknife,CA,2021-09-25 13:50:55,62.456,-114.3525,45.41,100,90,5.75
87,Acapetahua,MX,2021-09-25 14:03:51,15.2833,-92.7,77.0,78,99,0.63
88,Jian,CN,2021-09-25 14:03:51,27.1172,114.9793,87.51,55,98,3.78
89,Kruisfontein,ZA,2021-09-25 14:02:01,-34.0033,24.7314,75.88,42,100,12.75
90,Andra,RU,2021-09-25 14:03:07,62.5147,65.8878,36.5,72,13,7.94
91,Bilma,NE,2021-09-25 14:02:57,18.6853,12.9164,102.22,9,0,8.25
92,Castro,BR,2021-09-25 13:56:23,-24.7911,-50.0119,72.36,54,12,3.42
93,New Norfolk,AU,2021-09-25 13:55:43,-42.7826,147.0587,42.3,68,11,1.01
94,Bandarbeyla,SO,2021-09-25 13:56:35,9.4942,50.8122,88.18,50,18,21.05
95,Tuktoyaktuk,CA,2021-09-25 13:55:30,69.4541,-133.0374,32.0,100,90,18.41
96,High Level,CA,2021-09-25 14:03:30,58.5169,-117.136,44.26,77,98,5.3
97,Dikson,RU,2021-09-25 13:56:04,73.5069,80.5464,36.82,88,100,18.28
98,Kavaratti,IN,2021-09-25 13:56:40,10.5669,72.642,81.77,79,97,17.31
99,Suntar,RU,2021-09-25 13:57:06,62.1444,117.6319,37.44,80,95,4.38
100,Igarka,RU,2021-09-25 14:03:04,67.4667,86.5833,33.04,74,0,6.6
101,Ilulissat,GL,2021-09-25 13:54:08,69.2167,-51.1,13.12,60,7,5.95
102,Ribeira Grande,PT,2021-09-25 14:02:22,38.5167,-28.7,73.8,88,75,8.05
103,Jiexiu,CN,2021-09-25 14:03:52,37.0244,111.9125,59.52,94,100,7.63
104,Sao Filipe,CV,2021-09-25 13:55:28,14.8961,-24.4956,78.6,76,48,7.94
105,Avarua,CK,2021-09-25 13:55:31,-21.2078,-159.775,75.25,64,75,10.36
106,San Quintin,MX,2021-09-25 13:56:03,30.4833,-115.95,66.67,85,37,4.41
107,Coracora,PE,2021-09-25 14:03:52,-15.0333,-73.7833,61.66,41,21,1.21
108,Faanui,PF,2021-09-25 13:56:00,-16.4833,-151.75,77.22,75,1,9.55
109,Tilichiki,RU,2021-09-25 13:57:09,60.4667,166.1,34.5,75,25,0.6
110,Georgetown,MY,2021-09-25 13:55:20,5.4112,100.3354,84.13,83,40,7.0
111,Guadalupe Y Calvo,MX,2021-09-25 14:02:14,26.1,-106.9667,53.53,86,53,4.85
112,Port Keats,AU,2021-09-25 14:03:52,-14.25,129.55,76.71,78,5,7.09
113,Manbij,SY,2021-09-25 14:03:53,36.5281,37.9549,81.37,14,0,7.27
114,Tiksi,RU,2021-09-25 13:55:41,71.6872,128.8694,32.81,89,100,20.11
115,Carnarvon,AU,2021-09-25 13:55:45,-24.8667,113.6333,66.27,72,40,10.36
116,Northam,GB,2021-09-25 13:55:50,51.0333,-4.2167,67.68,89,100,2.1
117,Beringovskiy,RU,2021-09-25 13:55:51,63.05,179.3167,29.26,73,17,9.51
118,Kahului,US,2021-09-25 13:56:11,20.8947,-156.47,77.85,81,7,8.01
119,Aklavik,CA,2021-09-25 13:55:45,68.2191,-135.0107,32.83,100,90,12.66
120,Werda,BW,2021-09-25 14:03:53,-25.2667,23.2833,94.68,10,0,6.6
121,Arraial Do Cabo,BR,2021-09-25 13:55:31,-22.9661,-42.0278,76.86,57,75,21.85
122,Ancud,CL,2021-09-25 13:57:39,-41.8697,-73.8203,51.42,93,100,14.09
123,Doka,SD,2021-09-25 14:03:54,13.5167,35.7667,81.27,71,52,6.82
124,Kudahuvadhoo,MV,2021-09-25 13:55:28,2.6708,72.8944,82.85,78,99,16.84
125,Baghdad,IQ,2021-09-25 14:01:43,33.3406,44.4009,91.22,23,0,15.82
126,Fortuna,US,2021-09-25 13:57:38,40.5982,-124.1573,53.65,69,5,2.08
127,Fort Nelson,CA,2021-09-25 14:00:29,58.8053,-122.7002,40.77,84,63,2.91
128,Dharchula,IN,2021-09-25 14:03:54,29.85,80.5333,69.58,92,17,3.38
129,Aljezur,PT,2021-09-25 14:03:36,37.3191,-8.8033,73.08,65,20,9.17
130,Kurya,RU,2021-09-25 14:03:54,51.6003,82.2888,42.35,52,100,8.97
131,Hofn,IS,2021-09-25 13:55:56,64.2539,-15.2082,41.52,58,100,16.96
132,Adrar,MR,2021-09-25 13:57:42,20.5022,-10.0711,100.35,18,73,4.36
133,Caravelas,BR,2021-09-25 13:55:44,-17.7125,-39.2481,79.59,43,1,10.04
134,Hambantota,LK,2021-09-25 13:55:27,6.1241,81.1185,84.54,70,75,11.5
135,Saint-Philippe,RE,2021-09-25 13:55:29,-21.3585,55.7679,72.99,71,68,14.18
136,Ponta Do Sol,PT,2021-09-25 13:55:48,32.6667,-17.1,77.63,58,98,2.33
137,Longyearbyen,SJ,2021-09-25 13:57:08,78.2186,15.6401,39.36,95,100,5.3
138,Haverfordwest,GB,2021-09-25 14:03:55,51.8017,-4.9691,69.55,83,100,3.0
139,Cabo San Lucas,MX,2021-09-25 13:55:41,22.8909,-109.9124,82.51,84,14,4.54
140,Sabang,ID,2021-09-25 14:03:55,5.8933,95.3214,83.28,75,96,17.0
141,Daliao,PH,2021-09-25 14:03:56,5.8611,124.9533,80.71,77,100,1.43
142,Kidal,ML,2021-09-25 14:03:56,18.4411,1.4078,104.52,6,1,11.12
143,Taseyevo,RU,2021-09-25 14:03:56,57.2169,94.8978,39.38,86,100,5.01
144,Hilo,US,2021-09-25 13:54:52,19.7297,-155.09,72.28,84,10,4.0
145,Kaitangata,NZ,2021-09-25 13:55:34,-46.2817,169.8464,38.79,88,42,8.43
146,Lavrentiya,RU,2021-09-25 13:57:12,65.5833,-171.0,30.4,87,100,11.86
147,Wewak,PG,2021-09-25 14:02:46,-3.5534,143.6268,80.31,85,39,8.93
148,Kayerkan,RU,2021-09-25 14:03:57,69.3497,87.7602,32.49,73,55,3.11
149,Saskylakh,RU,2021-09-25 13:55:57,71.9167,114.0833,30.33,92,83,15.21
150,Columbus,US,2021-09-25 14:01:20,39.9612,-82.9988,61.77,81,90,5.75
151,Mahebourg,MU,2021-09-25 13:55:54,-20.4081,57.7,73.69,68,75,12.66
152,Kamloops,CA,2021-09-25 14:03:38,50.6665,-120.3192,56.97,73,100,0.98
153,Matara,LK,2021-09-25 14:03:57,5.9485,80.5353,80.33,84,65,11.61
154,Vuktyl,RU,2021-09-25 14:03:57,63.8567,57.3094,45.28,57,90,15.28
155,Savannah Bight,HN,2021-09-25 14:03:58,16.45,-85.85,86.05,76,50,9.64
156,Kapaa,US,2021-09-25 13:55:47,22.0752,-159.319,73.11,77,28,12.21
157,Ribas Do Rio Pardo,BR,2021-09-25 14:03:58,-20.4431,-53.7592,94.98,20,2,4.47
158,Pierre,US,2021-09-25 14:03:58,44.3683,-100.351,47.32,71,1,0.0
159,Balykshi,KZ,2021-09-25 14:03:59,47.0667,51.8667,64.4,45,20,15.66
160,Snyder,US,2021-09-25 14:03:59,32.7179,-100.9176,69.94,48,1,3.44
161,Esperance,AU,2021-09-25 13:55:36,-33.8667,121.9,55.24,73,100,21.54
162,Acapulco,MX,2021-09-25 13:54:50,16.8634,-99.8901,79.25,85,100,4.21
163,Bambous Virieux,MU,2021-09-25 13:56:11,-20.3428,57.7575,73.65,68,75,12.66
164,Morro Bay,US,2021-09-25 14:03:59,35.3658,-120.8499,63.14,82,0,2.06
165,Paamiut,GL,2021-09-25 13:57:00,61.994,-49.6678,33.85,58,0,20.31
166,Sabha,LY,2021-09-25 14:04:00,27.0377,14.4283,92.48,24,0,15.08
167,Zhigansk,RU,2021-09-25 14:04:00,66.7697,123.3711,36.37,78,100,12.53
168,Cidreira,BR,2021-09-25 13:56:05,-30.1811,-50.2056,66.2,70,5,3.71
169,Nampula,MZ,2021-09-25 14:04:00,-15.1165,39.2666,79.97,44,75,10.2
170,Svetlaya,RU,2021-09-25 13:57:49,46.5389,138.3297,53.4,75,92,4.45
171,Cabedelo,BR,2021-09-25 14:01:07,-6.9811,-34.8339,82.13,70,40,15.37
172,Bere,TD,2021-09-25 14:04:01,9.3202,16.1552,91.74,48,45,0.83
173,Repnoye,RU,2021-09-25 14:04:01,51.5921,43.1861,53.15,65,100,4.94
174,Provideniya,RU,2021-09-25 13:55:54,64.3833,-173.3,30.69,84,100,10.07
175,Mar Del Plata,AR,2021-09-25 13:53:05,-38.0023,-57.5575,62.1,30,90,5.01
176,Sumbe,AO,2021-09-25 14:04:02,-11.2061,13.8437,74.79,80,33,11.03
177,Bowen,AU,2021-09-25 13:56:22,-20.0167,148.2333,61.02,80,40,8.59
178,Dudinka,RU,2021-09-25 14:04:02,69.4058,86.1778,32.45,74,85,4.09
179,Porto Walter,BR,2021-09-25 14:04:02,-8.2686,-72.7439,85.66,54,83,1.77
180,Tucuma,BR,2021-09-25 14:04:03,-0.1833,-50.05,88.36,56,100,7.81
181,Gagino,RU,2021-09-25 14:04:03,55.2314,45.0339,53.53,56,94,3.76
182,Norman Wells,CA,2021-09-25 13:55:55,65.282,-126.8329,32.04,100,90,12.66
183,Cudahy,US,2021-09-25 14:04:03,33.9606,-118.1853,71.64,91,1,0.0
184,Labrea,BR,2021-09-25 14:04:04,-7.2586,-64.7981,93.06,44,18,2.46
185,Srednekolymsk,RU,2021-09-25 13:56:54,67.45,153.6833,31.93,79,99,12.35
186,Gizo,SB,2021-09-25 14:04:04,-8.103,156.8419,81.66,79,15,5.41
187,Luderitz,NA,2021-09-25 13:56:50,-26.6481,15.1594,69.64,52,47,22.75
188,Olafsvik,IS,2021-09-25 13:55:35,64.8945,-23.7142,42.58,74,100,34.02
189,The Valley,AI,2021-09-25 14:02:21,18.217,-63.0578,86.83,72,15,8.41
190,Claveria,PH,2021-09-25 14:04:05,18.6074,121.0832,80.74,87,81,10.92
191,Elat,IL,2021-09-25 14:04:05,29.5581,34.9482,93.04,31,0,16.11
192,Chuy,UY,2021-09-25 13:55:54,-33.6971,-53.4616,62.02,83,98,10.96
193,Sitka,US,2021-09-25 13:55:51,57.0531,-135.33,45.09,83,95,4.23
194,Ouesso,CG,2021-09-25 13:57:09,1.6136,16.0517,85.35,52,87,4.32
195,Tahoua,NE,2021-09-25 14:04:05,14.8888,5.2692,99.28,17,18,3.27
196,Mankono,CI,2021-09-25 14:04:06,8.0586,-6.1897,81.54,75,99,3.8
197,Tanout,NE,2021-09-25 14:04:06,14.9709,8.8879,100.04,9,8,11.9
198,Saint George,US,2021-09-25 13:56:51,37.1041,-113.5841,75.34,25,1,2.44
199,Hobyo,SO,2021-09-25 14:03:23,5.3505,48.5268,79.74,76,74,24.4
200,Arman,RU,2021-09-25 13:56:49,59.7,150.1667,41.02,88,8,2.91
201,Kings Mountain,US,2021-09-25 14:04:06,35.2451,-81.3412,65.32,66,1,1.01
202,Durazno,UY,2021-09-25 14:02:24,-33.4131,-56.5006,58.06,85,95,7.56
203,Bagdarin,RU,2021-09-25 14:04:07,54.4333,113.6,43.34,94,100,10.25
204,Buchanan,LR,2021-09-25 14:04:07,5.8808,-10.0467,85.96,71,98,10.49
205,Vao,NC,2021-09-25 13:57:45,-22.6667,167.4833,67.68,63,3,9.66
206,Ketchikan,US,2021-09-25 13:57:14,55.3422,-131.6461,47.05,92,100,2.24
207,Cuamba,MZ,2021-09-25 14:04:07,-14.8031,36.5372,83.88,31,99,4.27
208,Ryotsu,JP,2021-09-25 14:04:07,38.0833,138.4333,68.11,78,100,5.3
209,Mhango,TZ,2021-09-25 14:04:08,-3.2833,32.85,87.1,23,99,4.18
210,Garowe,SO,2021-09-25 14:04:08,8.4054,48.4845,85.48,39,57,15.03
211,Floresta,BR,2021-09-25 14:04:08,-8.6011,-38.5686,86.41,44,77,15.28
212,Ulladulla,AU,2021-09-25 14:04:09,-35.35,150.4667,50.09,83,100,8.9
213,Gamba,GA,2021-09-25 14:03:22,-2.65,10.0,80.44,74,66,11.12
214,Qarqin,AF,2021-09-25 14:04:09,37.4185,66.0436,87.33,9,0,8.46
215,Unity,CA,2021-09-25 14:04:09,52.4501,-109.1682,54.63,55,99,5.12
216,Lebu,CL,2021-09-25 13:56:05,-37.6167,-73.65,54.84,82,83,15.1
217,Atuona,PF,2021-09-25 13:55:37,-9.8,-139.0333,77.97,76,26,17.9
218,Honningsvag,NO,2021-09-25 13:55:59,70.9821,25.9704,47.98,78,100,9.69
219,Tura,IN,2021-09-25 13:56:23,25.5198,90.2201,75.87,91,100,2.93
220,Mayo,US,2021-09-25 13:57:55,38.8876,-76.5119,70.95,80,35,1.99
221,Vardo,NO,2021-09-25 13:55:28,70.3705,31.1107,48.4,92,100,8.7
222,Pyapon,MM,2021-09-25 14:04:10,16.2833,95.6833,76.93,91,100,5.23
223,Bengkulu,ID,2021-09-25 13:53:15,-3.8004,102.2655,77.83,87,100,1.63
224,Kenai,US,2021-09-25 14:04:10,60.5544,-151.2583,38.14,93,90,0.0
225,Muros,ES,2021-09-25 13:57:10,42.7762,-9.0603,71.85,78,42,9.73
226,Quelimane,MZ,2021-09-25 13:57:11,-17.8786,36.8883,78.87,58,34,11.23
227,Guane,CU,2021-09-25 14:04:11,22.2025,-84.0875,83.57,74,69,4.16
228,Masalli,KR,2021-09-25 14:04:11,34.7959,126.6553,67.48,81,14,9.06
229,Garissa,KE,2021-09-25 14:04:11,-0.4536,39.6401,88.43,39,100,22.01
230,Alamogordo,US,2021-09-25 14:00:36,32.8995,-105.9603,70.02,72,40,4.61
231,Sullana,PE,2021-09-25 14:04:12,-4.9039,-80.6853,72.55,61,54,7.05
232,White Rock,CA,2021-09-25 14:00:31,49.0164,-122.8026,57.09,99,66,5.99
233,Jacqueville,CI,2021-09-25 14:04:12,5.2052,-4.4146,80.51,84,72,13.89
234,Sao Felix Do Xingu,BR,2021-09-25 13:55:18,-6.6447,-51.995,96.06,33,76,4.85
235,San Cristobal,VE,2021-09-25 13:55:41,7.7669,-72.225,78.98,71,94,5.82
236,Rawson,AR,2021-09-25 14:04:12,-43.3002,-65.1023,72.97,33,6,26.82
237,Nemuro,JP,2021-09-25 13:57:15,43.3236,145.575,53.08,81,0,8.84
238,Rexburg,US,2021-09-25 13:55:30,43.826,-111.7897,47.46,45,4,3.47
239,Petropavlovsk-Kamchatskiy,RU,2021-09-25 13:56:00,53.0452,158.6483,41.59,100,20,4.47
240,Khani,GE,2021-09-25 13:57:28,41.9563,42.9566,47.77,86,100,0.27
241,Mount Gambier,AU,2021-09-25 14:04:13,-37.8333,140.7667,43.57,70,50,2.13
242,La Seyne-Sur-Mer,FR,2021-09-25 14:04:13,43.0982,5.8847,84.16,64,90,5.99
243,Aktau,KZ,2021-09-25 14:04:13,43.65,51.2,64.98,46,13,12.24
244,Sept-Iles,CA,2021-09-25 13:55:33,50.2001,-66.3821,57.25,98,90,1.01
245,Halifax,CA,2021-09-25 14:01:38,44.6453,-63.5724,69.69,91,100,3.0
246,Tasiilaq,GL,2021-09-25 13:55:34,65.6145,-37.6368,34.81,69,100,5.91
247,Tuatapere,NZ,2021-09-25 13:57:28,-46.1333,167.6833,38.82,86,93,8.84
248,Nadym,RU,2021-09-25 14:04:14,65.5333,72.5167,35.85,71,11,8.46
249,Baruun-Urt,MN,2021-09-25 14:04:14,46.6806,113.2792,61.3,67,100,5.79
250,Kupang,ID,2021-09-25 14:04:14,-10.1667,123.5833,78.03,75,57,10.54
251,Khatanga,RU,2021-09-25 13:56:02,71.9667,102.5,30.02,91,100,9.64
252,Araouane,ML,2021-09-25 13:57:18,18.9048,-3.5265,105.71,11,12,5.32
253,Chara,RU,2021-09-25 14:04:15,56.9064,118.2631,43.12,77,100,3.06
254,Sembe,CG,2021-09-25 14:04:15,1.6481,14.5806,84.42,56,100,2.84
255,Mindelo,CV,2021-09-25 14:04:15,16.8901,-24.9804,77.31,74,51,14.99
256,Glace Bay,CA,2021-09-25 14:04:16,46.1969,-59.957,63.9,95,100,3.0
257,Port-Cartier,CA,2021-09-25 14:04:16,50.0334,-66.8654,56.93,92,100,2.59
258,Aykhal,RU,2021-09-25 14:03:30,66.0,111.5,33.3,81,10,4.21
259,Sotouboua,TG,2021-09-25 14:04:16,8.5667,0.9833,85.15,63,24,6.04
260,Schladming,AT,2021-09-25 14:04:16,47.3929,13.687,79.83,49,5,1.97
261,Lagoa,PT,2021-09-25 13:56:24,39.05,-27.9833,70.3,87,100,9.78
262,Fairbanks,US,2021-09-25 14:02:34,64.8378,-147.7164,32.59,94,90,0.0
263,Kirakira,SB,2021-09-25 13:57:00,-10.4544,161.9205,79.29,86,21,8.21
264,Wallaceburg,CA,2021-09-25 14:04:17,42.593,-82.3885,58.03,93,100,9.91
265,Batagay-Alyta,RU,2021-09-25 14:03:12,67.8006,130.4114,28.54,90,100,2.28
266,Qaqortoq,GL,2021-09-25 13:55:33,60.7167,-46.0333,40.39,38,0,0.45
267,Linjiang,CN,2021-09-25 14:04:17,41.8069,126.9078,57.92,99,100,0.76
268,Hemsedal,NO,2021-09-25 14:04:18,60.8629,8.5534,52.93,53,24,5.97
269,Saint-Joseph,RE,2021-09-25 14:04:18,-21.3667,55.6167,71.98,70,38,15.39
270,Ayagoz,KZ,2021-09-25 14:04:18,47.9714,80.4392,44.78,29,9,8.08
271,Hervey Bay,AU,2021-09-25 14:02:10,-25.2986,152.8535,66.04,77,91,10.38
272,Gasa,PS,2021-09-25 14:00:25,31.5,34.4667,83.88,45,0,16.58
273,Belyy Yar,RU,2021-09-25 13:57:24,53.6039,91.3903,42.69,52,0,4.47
274,Puerto Escondido,MX,2021-09-25 13:57:04,15.85,-97.0667,80.94,74,63,2.73
275,Lugoj,RO,2021-09-25 14:04:19,45.6886,21.9031,76.8,39,0,4.97
276,Iqaluit,CA,2021-09-25 13:56:20,63.7506,-68.5145,29.93,92,90,8.99
277,Dingle,PH,2021-09-25 13:55:44,10.9995,122.6711,77.63,90,100,4.79
278,Santa Cruz,BO,2021-09-25 14:00:49,-17.8,-63.1667,89.74,21,1,3.4
279,Kaeo,NZ,2021-09-25 14:04:19,-35.1,173.7833,54.32,95,100,4.83
280,Qasigiannguit,GL,2021-09-25 13:57:25,68.8193,-51.1922,17.51,72,14,3.4
281,Gainesville,US,2021-09-25 13:54:43,29.6516,-82.3248,78.08,81,4,1.01
282,Bondo,CD,2021-09-25 14:04:20,3.8146,23.6866,82.06,60,81,1.99
283,Kasongo-Lunda,CD,2021-09-25 14:04:20,-6.4667,16.8167,80.17,62,60,11.97
284,Narsaq,GL,2021-09-25 13:56:01,60.9167,-46.05,39.74,34,0,2.17
285,Grand Gaube,MU,2021-09-25 13:57:09,-20.0064,57.6608,73.8,67,7,7.0
286,Monrovia,LR,2021-09-25 14:00:12,6.3005,-10.7969,85.77,73,96,10.85
287,Bethel,US,2021-09-25 13:55:49,41.3712,-73.414,68.88,85,57,3.62
288,Sao Joao Da Barra,BR,2021-09-25 13:57:33,-21.6403,-41.0511,77.09,63,87,18.61
289,Machiques,VE,2021-09-25 14:04:21,10.0644,-72.545,85.91,61,100,4.52
290,Nouadhibou,MR,2021-09-25 14:04:21,20.931,-17.0347,72.86,81,19,16.26
291,Kualakapuas,ID,2021-09-25 14:04:21,-3.0091,114.3876,80.76,87,84,4.05
292,Bar-Le-Duc,FR,2021-09-25 14:04:21,48.75,5.1667,78.98,53,100,6.78
293,Diego De Almagro,CL,2021-09-25 14:04:22,-26.3667,-70.05,73.62,20,0,5.46
294,Vilhena,BR,2021-09-25 13:56:41,-12.7406,-60.1458,96.58,23,1,1.41
295,Verkhnevilyuysk,RU,2021-09-25 14:02:16,63.4453,120.3167,33.76,83,2,3.22
296,Oyama,JP,2021-09-25 14:04:22,36.3,139.8,73.58,70,100,6.35
297,Wanning,CN,2021-09-25 14:04:22,18.8003,110.3967,79.2,88,53,7.78
298,Beira,MZ,2021-09-25 14:04:23,-19.8436,34.8389,77.09,69,20,13.8
299,Nioro,GM,2021-09-25 14:04:23,13.35,-15.75,89.82,60,62,2.37
300,Moranbah,AU,2021-09-25 14:04:23,-22.0016,148.0466,63.52,64,0,4.9
301,Upernavik,GL,2021-09-25 13:55:52,72.7868,-56.1549,22.68,70,7,5.39
302,Sangar,RU,2021-09-25 14:04:24,63.9242,127.4739,33.76,89,36,7.92
303,Kodino,RU,2021-09-25 14:04:24,63.7198,39.6447,46.6,86,100,8.48
304,Tatawin,TN,2021-09-25 14:04:24,32.9297,10.4518,103.73,10,3,11.97
305,Crixas,BR,2021-09-25 14:04:24,-14.5489,-49.9692,97.79,25,2,5.82
306,Lima,PE,2021-09-25 14:04:25,-12.0432,-77.0282,63.14,87,90,4.61
307,Prata,BR,2021-09-25 14:03:56,-19.3072,-48.9242,99.63,15,2,0.94
308,Sahibganj,IN,2021-09-25 14:04:25,25.25,87.65,88.39,63,100,2.71
309,Komsomolskiy,UZ,2021-09-25 13:56:12,40.4272,71.7189,79.52,25,0,2.3
310,Ucluelet,CA,2021-09-25 14:03:46,48.9329,-125.5528,52.95,92,58,2.46
311,Bichura,RU,2021-09-25 14:04:26,50.5881,107.6022,38.89,92,100,3.56
312,Kontagora,NG,2021-09-25 13:56:18,10.3999,5.4695,88.16,55,100,4.97
313,Klaksvik,FO,2021-09-25 13:56:32,62.2266,-6.589,54.52,98,100,19.51
314,Fasa,IR,2021-09-25 14:04:26,28.9383,53.6482,87.06,10,1,11.77
315,Bahawalpur,PK,2021-09-25 14:04:26,29.4,71.6833,93.15,36,37,4.56
316,Rahuri,IN,2021-09-25 14:04:26,19.3833,74.65,76.23,84,100,11.07
317,Yulara,AU,2021-09-25 13:55:35,-25.2406,130.9889,73.24,12,5,9.22
318,Alamosa,US,2021-09-25 14:04:27,37.4695,-105.87,49.51,65,1,3.44
319,Galveston,US,2021-09-25 14:04:27,29.3669,-94.9669,75.96,71,7,6.62
320,Yarmouth,US,2021-09-25 14:01:49,41.7057,-70.2286,69.85,94,90,8.01
321,Dwarka,IN,2021-09-25 14:04:27,22.2394,68.9678,81.36,83,8,14.38
322,Sarangpur,IN,2021-09-25 14:04:28,23.5667,76.4667,78.35,86,84,4.61
323,Sola,VU,2021-09-25 13:55:32,-13.8833,167.55,79.47,75,99,10.33
324,Namibe,AO,2021-09-25 13:55:57,-15.1961,12.1522,71.38,71,20,12.82
325,Oktyabrskoye,RU,2021-09-25 13:56:13,43.0645,44.7417,62.74,63,64,6.71
326,Dubbo,AU,2021-09-25 14:03:25,-32.25,148.6167,42.93,87,1,9.22
327,Manzhouli,CN,2021-09-25 14:04:28,49.6,117.4333,54.34,87,100,9.48
328,Kalmunai,LK,2021-09-25 13:57:07,7.4167,81.8167,82.83,77,98,6.67
329,Tazovskiy,RU,2021-09-25 13:55:54,67.4667,78.7,34.81,76,11,7.76
330,Saint Stephen,GB,2021-09-25 14:04:28,50.3333,-4.9,67.39,88,75,9.22
331,Boende,CD,2021-09-25 14:04:29,-0.2167,20.8667,91.67,41,93,2.08
332,Cantagalo,BR,2021-09-25 14:01:21,-21.9811,-42.3681,77.74,47,97,4.72
333,Bergen,NO,2021-09-25 14:00:17,60.392,5.328,58.64,70,75,11.5
334,Safaga,EG,2021-09-25 14:04:29,26.7292,33.9365,85.41,49,1,15.41
335,Praia Da Vitoria,PT,2021-09-25 13:56:34,38.7333,-27.0667,73.65,83,75,19.53
336,Nabire,ID,2021-09-25 14:02:59,-3.3667,135.4833,76.89,88,90,3.36
337,Baykit,RU,2021-09-25 13:57:13,61.67,96.37,32.07,84,53,4.05
338,Figeac,FR,2021-09-25 14:04:29,44.75,1.9167,76.86,72,76,5.08
339,Shenjiamen,CN,2021-09-25 14:04:30,29.9576,122.298,74.35,73,86,9.42
340,Juneau,US,2021-09-25 14:03:29,58.3019,-134.4197,46.4,93,75,6.91
341,Port Moresby,PG,2021-09-25 13:55:17,-9.4431,147.1797,76.42,88,75,5.75
342,Sao Francisco De Paula,BR,2021-09-25 14:04:25,-29.4481,-50.5836,65.68,56,4,1.19
343,Charters Towers,AU,2021-09-25 14:02:22,-20.1,146.2667,63.95,85,41,10.92
344,Lorengau,PG,2021-09-25 13:56:53,-2.0226,147.2712,82.0,79,14,8.03
345,Churu,IN,2021-09-25 14:02:49,28.3,74.95,87.12,57,100,5.03
346,Djambala,CG,2021-09-25 14:04:30,-2.5447,14.7533,80.51,58,100,3.76
347,Bossangoa,CF,2021-09-25 14:04:31,6.4926,17.4552,86.34,59,70,3.27
348,Veraval,IN,2021-09-25 13:56:18,20.9,70.3667,80.51,84,66,8.59
349,Xuchang,CN,2021-09-25 14:04:31,34.0167,113.8167,64.74,96,100,13.96
350,Kisangani,CD,2021-09-25 14:04:31,0.5167,25.2,87.4,46,78,5.55
351,Kilis,TR,2021-09-25 14:04:31,36.7161,37.115,79.03,19,0,7.38
352,Rodrigues Alves,BR,2021-09-25 14:03:29,-7.738,-72.6509,76.21,85,97,1.57
353,Kourou,GF,2021-09-25 14:04:32,5.1552,-52.6478,89.65,58,78,7.78
354,Visnes,NO,2021-09-25 14:04:32,59.3556,5.2242,58.89,67,90,8.05
355,Shar,KZ,2021-09-25 14:04:32,49.5886,81.0453,45.93,38,0,5.57
356,Shagonar,RU,2021-09-25 14:04:33,51.5333,92.8,40.75,44,27,2.59
357,Zhanaozen,KZ,2021-09-25 14:04:33,43.3,52.8,68.67,38,6,13.22
358,Port Hedland,AU,2021-09-25 14:03:29,-20.3167,118.5667,73.45,68,10,9.22
359,Birjand,IR,2021-09-25 14:04:33,32.8663,59.2211,79.59,4,0,4.09
360,Pakala,IN,2021-09-25 14:04:33,13.4667,79.1167,79.21,60,100,3.78
361,Rabaul,PG,2021-09-25 14:04:34,-4.1967,152.1721,79.29,83,11,10.89
362,Saint-Georges,GD,2021-09-25 13:58:22,12.0564,-61.7485,84.02,75,78,7.76
363,Port Augusta,AU,2021-09-25 14:04:34,-32.5,137.7667,55.54,73,11,6.89
364,Paranaiba,BR,2021-09-25 14:04:34,-19.6772,-51.1908,96.24,19,4,4.68
365,Upington,ZA,2021-09-25 14:04:35,-28.4478,21.2561,94.91,5,33,11.07
366,Elizabeth City,US,2021-09-25 14:02:52,36.2946,-76.2511,74.01,74,1,8.05
367,Zharkent,KZ,2021-09-25 14:04:35,44.1628,80.0,57.49,18,0,4.54
368,Laguna,US,2021-09-25 13:56:39,38.421,-121.4238,73.22,80,1,1.01
369,Inta,RU,2021-09-25 14:04:35,66.0317,60.1659,42.48,65,89,15.12
370,Sakakah,SA,2021-09-25 13:56:01,29.9697,40.2064,92.77,22,0,7.47
371,Beltangadi,IN,2021-09-25 14:04:36,13.9833,75.3,69.8,97,99,5.5
372,Chongoyape,PE,2021-09-25 14:04:36,-6.6406,-79.3892,78.71,54,95,4.27
373,Nanchang,CN,2021-09-25 14:04:36,28.6833,115.8833,83.86,66,10,4.12
374,Dongli,CN,2021-09-25 14:04:37,23.5656,116.8194,79.48,77,0,12.19
375,Mehran,IR,2021-09-25 14:04:37,33.1222,46.1646,93.02,19,0,18.12
376,Kiunga,PG,2021-09-25 14:04:37,-6.1219,141.2906,73.81,99,100,2.15
377,Batagay,RU,2021-09-25 14:04:37,67.6333,134.6333,34.32,77,100,3.85
378,Maracacume,BR,2021-09-25 14:04:38,-2.0428,-45.9592,91.56,47,31,7.25
379,La Maddalena,IT,2021-09-25 14:04:38,41.2142,9.4083,86.05,80,100,17.76
380,Sault Sainte Marie,CA,2021-09-25 13:51:54,46.5168,-84.3333,53.89,81,75,11.5
381,Yinchuan,CN,2021-09-25 13:56:33,38.4681,106.2731,69.22,63,81,6.62
382,Saint-Francois,FR,2021-09-25 14:02:03,46.4154,3.9054,80.47,64,0,4.61
383,Buala,SB,2021-09-25 14:02:04,-8.145,159.5921,80.26,82,14,7.38
384,Torphichen,GB,2021-09-25 14:04:38,55.9348,-3.6539,67.91,73,75,14.97
385,Kitimat,CA,2021-09-25 14:00:11,54.0524,-128.6534,50.92,30,100,1.23
386,Mogadishu,SO,2021-09-25 14:02:52,2.0371,45.3438,79.38,77,86,14.25
387,Majene,ID,2021-09-25 14:04:39,-3.5403,118.9707,78.93,82,28,4.41
388,Zapolyarnyy,RU,2021-09-25 14:04:39,69.4154,30.8136,45.68,91,100,4.65
389,Richards Bay,ZA,2021-09-25 14:02:26,-28.783,32.0377,79.83,57,82,16.28
390,Gravdal,NO,2021-09-25 14:02:39,68.1214,13.5031,48.56,78,96,10.71
391,Damghan,IR,2021-09-25 14:04:40,36.1683,54.348,87.66,9,0,9.73
392,Sokolo,ML,2021-09-25 14:04:40,14.7328,-6.1219,99.52,26,41,6.26
393,Laje,BR,2021-09-25 14:04:40,-10.1833,-40.9667,84.85,38,9,10.49
394,Canchungo,GW,2021-09-25 14:04:40,12.0672,-16.0333,87.46,60,72,4.14
395,Quatre Cocos,MU,2021-09-25 14:03:25,-20.2078,57.7625,73.09,78,39,17.92
396,Bentiu,SS,2021-09-25 14:04:41,9.2333,29.8333,71.6,91,100,4.41
397,Kishtwar,IN,2021-09-25 14:04:41,33.3167,75.7667,64.85,78,10,0.72
398,Abu Zabad,SD,2021-09-25 14:04:41,12.35,29.25,81.63,61,100,6.76
399,Lakes Entrance,AU,2021-09-25 14:04:42,-37.8811,147.981,44.17,86,45,8.9
400,Awbari,LY,2021-09-25 14:04:42,26.5921,12.7805,96.17,18,0,14.03
401,Andros Town,BS,2021-09-25 14:04:42,24.7,-77.7667,85.96,68,86,6.67
402,San Patricio,US,2021-09-25 14:02:35,28.017,-97.5169,80.46,63,4,8.3
403,Waingapu,ID,2021-09-25 13:57:28,-9.6567,120.2641,76.62,66,52,7.02
404,Carrick-On-Suir,IE,2021-09-25 14:04:43,52.3492,-7.4131,73.65,88,42,11.79
405,Teya,RU,2021-09-25 14:04:43,60.3778,92.6267,36.82,93,100,6.35
406,Sisimiut,GL,2021-09-25 13:57:55,66.9395,-53.6735,31.14,69,15,6.64
407,Souillac,MU,2021-09-25 13:57:38,-20.5167,57.5167,73.78,68,75,12.66
408,Lodja,CD,2021-09-25 14:04:43,-3.4833,23.4333,89.37,42,60,5.53
409,Meiganga,CM,2021-09-25 14:04:44,6.5167,14.3,78.4,67,95,2.71
410,Coihaique,CL,2021-09-25 14:02:53,-45.5752,-72.0662,48.65,84,45,9.78
411,Broome,US,2021-09-25 14:02:12,42.2506,-75.833,63.18,75,1,6.91
412,Hasaki,JP,2021-09-25 13:55:42,35.7333,140.8333,66.6,64,100,16.93
413,Senanga,ZM,2021-09-25 13:56:20,-16.1167,23.2667,96.91,9,5,10.94
414,Durban,ZA,2021-09-25 14:00:02,-29.8579,31.0292,80.92,80,55,4.0
415,Puerto Baquerizo Moreno,EC,2021-09-25 14:04:44,-0.9,-89.6,68.99,94,75,16.11
416,Tazmalt,DZ,2021-09-25 14:04:44,36.3868,4.3989,101.3,11,59,11.32
417,Tortoli,IT,2021-09-25 14:04:45,39.9256,9.6572,81.99,74,96,9.46
418,Labytnangi,RU,2021-09-25 13:57:08,66.6572,66.4183,35.92,70,50,6.82
419,Cap Malheureux,MU,2021-09-25 13:56:56,-19.9842,57.6142,73.89,67,5,7.0
420,Guerrero Negro,MX,2021-09-25 13:55:46,27.9769,-114.0611,69.69,82,92,11.12
421,Chalus,IR,2021-09-25 13:57:06,36.655,51.4204,76.46,83,75,6.91
422,Praia,CV,2021-09-25 14:04:45,14.9215,-23.5087,81.03,70,80,12.15
423,Taoudenni,ML,2021-09-25 13:56:49,22.6783,-3.9836,110.97,7,76,11.86
424,Santiago Del Estero,AR,2021-09-25 14:01:45,-27.7951,-64.2615,74.8,29,0,13.76
425,Yenagoa,NG,2021-09-25 14:04:46,4.9247,6.2642,82.65,72,91,6.64
426,Anadyr,RU,2021-09-25 14:01:11,64.75,177.4833,31.42,65,29,5.68
427,Maslovka,RU,2021-09-25 14:04:46,51.5535,39.2357,54.12,65,98,7.05
428,Phalaborwa,ZA,2021-09-25 14:04:46,-23.943,31.1411,88.83,20,0,6.78
429,Jalu,LY,2021-09-25 14:02:31,29.0331,21.5482,84.52,27,0,10.47
430,Port Blair,IN,2021-09-25 13:56:04,11.6667,92.75,81.03,85,100,13.87
431,Chapada Dos Guimaraes,BR,2021-09-25 14:04:47,-15.4606,-55.7497,83.86,20,6,3.78
432,Dunedin,NZ,2021-09-25 13:56:41,-45.8742,170.5036,45.81,64,77,13.82
433,Kamenka,RU,2021-09-25 14:04:47,51.3223,42.7678,53.22,66,91,3.74
434,Rafai,CF,2021-09-25 14:04:47,4.95,23.9167,80.47,68,98,1.83
435,Mastic Beach,US,2021-09-25 14:04:47,40.7668,-72.8521,72.19,78,1,1.01
436,Basco,PH,2021-09-25 13:56:38,20.4487,121.9702,84.49,77,14,22.93
437,Petawawa,CA,2021-09-25 14:03:18,45.9001,-77.3328,55.27,95,90,3.0
438,Belomorsk,RU,2021-09-25 14:04:48,64.5232,34.7668,46.65,89,100,8.52
439,Vaitape,PF,2021-09-25 14:04:48,-16.5167,-151.75,77.13,75,7,9.53
440,Erenhot,CN,2021-09-25 14:04:49,43.6475,111.9767,70.59,47,0,12.68
441,Astana,KZ,2021-09-25 13:59:52,51.1801,71.446,55.35,28,0,2.24
442,Hwange,ZW,2021-09-25 14:02:56,-18.3693,26.5019,94.6,12,1,7.38
443,Farah,AF,2021-09-25 14:04:49,32.5,62.5,86.5,7,0,3.83
444,Vanimo,PG,2021-09-25 13:55:57,-2.6741,141.3028,79.41,87,67,6.02
445,Camacupa,AO,2021-09-25 14:04:49,-12.0167,17.4833,91.35,9,6,5.99
446,Tra Vinh,VN,2021-09-25 14:04:50,9.9347,106.3453,76.28,93,100,4.61
447,Ahipara,NZ,2021-09-25 13:56:09,-35.1667,173.1667,57.7,84,100,6.49
448,Brewster,US,2021-09-25 14:04:50,41.3973,-73.6171,68.74,83,1,0.0
449,Palmer,US,2021-09-25 13:55:46,42.1584,-72.3287,68.67,84,28,2.68
450,Sao Joao Do Piaui,BR,2021-09-25 14:04:51,-8.3581,-42.2467,93.18,33,7,9.28
451,Svetlogorsk,BY,2021-09-25 13:57:30,52.6333,29.7333,52.59,93,100,13.22
452,Broken Hill,AU,2021-09-25 13:56:30,-31.95,141.4333,51.51,43,4,8.05
453,Nanuet,US,2021-09-25 14:04:51,41.0887,-74.0135,71.31,76,19,3.89
454,Geraldton,AU,2021-09-25 14:02:08,-28.7667,114.6,63.12,82,40,6.91
455,Marsa Matruh,EG,2021-09-25 14:04:51,31.3525,27.2453,75.72,54,2,13.98
456,Talnakh,RU,2021-09-25 13:57:49,69.4865,88.3972,32.18,72,79,1.12
457,Mugur-Aksy,RU,2021-09-25 14:04:52,50.35,90.5,30.79,45,96,3.02
458,Kozulka,UA,2021-09-25 14:04:52,50.0351,23.797,62.33,68,95,13.78
459,Tashtyp,RU,2021-09-25 14:04:52,52.7939,89.8983,35.67,80,100,2.84
460,Mayumba,GA,2021-09-25 14:04:53,-3.432,10.6554,79.0,79,83,9.75
461,Snasa,NO,2021-09-25 14:04:53,64.2457,12.3778,48.15,79,33,13.62
462,Roald,NO,2021-09-25 14:02:57,62.5833,6.1333,54.91,71,75,17.27
463,Flinders,AU,2021-09-25 13:56:30,-34.5833,150.8552,55.18,73,100,4.0
464,Itarema,BR,2021-09-25 13:57:27,-2.9248,-39.9167,89.44,50,83,18.86
465,Havelock,US,2021-09-25 14:04:53,34.8791,-76.9013,73.38,69,0,1.99
466,Khulo,GE,2021-09-25 14:04:54,41.644,42.3129,55.33,93,99,3.98
467,Chauk,MM,2021-09-25 14:04:54,20.8833,94.8167,84.4,72,7,2.19
468,Dekar,BW,2021-09-25 14:04:55,-21.5333,21.9333,93.04,7,0,11.32
469,Strezhevoy,RU,2021-09-25 14:04:55,60.7333,77.5889,39.18,91,77,10.65
470,Moose Factory,CA,2021-09-25 14:04:55,51.2585,-80.6094,48.45,91,99,7.85
471,Jacareacanga,BR,2021-09-25 14:04:56,-6.2222,-57.7528,79.3,79,94,2.89
472,Gelemso,ET,2021-09-25 14:04:56,8.8167,40.5167,67.62,66,96,8.97
473,Yumen,CN,2021-09-25 13:56:20,40.2833,97.2,60.85,30,0,5.53
474,Impfondo,CG,2021-09-25 14:04:56,1.6381,18.0667,80.01,73,94,0.6
475,Wexford,IE,2021-09-25 14:04:57,52.3342,-6.4575,73.67,85,73,11.56
476,Tecolutla,MX,2021-09-25 14:04:57,20.4833,-97.0167,80.46,79,31,4.81
477,Abilene,US,2021-09-25 14:04:57,32.4487,-99.7331,74.08,48,1,4.61
478,Skorodnoye,RU,2021-09-25 14:04:57,51.071,37.2276,53.49,62,100,9.04
479,Keti Bandar,PK,2021-09-25 13:57:53,24.1447,67.4497,86.32,71,13,10.71
480,Horki,BY,2021-09-25 14:04:58,54.2861,30.9842,50.59,96,100,16.15
481,Bilibino,RU,2021-09-25 13:57:17,68.0546,166.4372,30.65,98,100,8.3
482,Ferrol,ES,2021-09-25 14:04:58,43.4832,-8.2369,71.58,69,100,6.69
483,Tecoanapa,MX,2021-09-25 13:57:35,16.5167,-98.75,78.55,87,100,3.15
484,Panaba,MX,2021-09-25 14:04:58,21.2833,-88.2667,79.43,85,10,3.8
485,Vila Velha,BR,2021-09-25 13:55:42,-20.3297,-40.2925,76.96,54,40,13.8
486,Gorodets,RU,2021-09-25 14:04:59,56.6514,43.475,55.08,61,59,5.68
487,Iquique,CL,2021-09-25 14:02:35,-20.2208,-70.1431,67.42,60,0,8.16
488,Luan,CH,2021-09-25 14:04:59,46.3592,6.9759,69.91,65,37,4.52
489,Klyuchi,RU,2021-09-25 14:04:59,52.2667,79.1667,46.17,45,100,8.5
490,Paka,MY,2021-09-25 14:04:59,4.6374,103.4368,80.13,85,100,1.77
491,Verkhnyaya Inta,RU,2021-09-25 14:05:00,65.9811,60.3094,42.24,64,84,16.49
492,Nago,JP,2021-09-25 13:57:05,26.5881,127.9761,84.27,85,7,10.02
493,Iberia,US,2021-09-25 14:05:00,29.9502,-91.7507,69.12,77,1,6.91
494,Kommunisticheskiy,RU,2021-09-25 14:05:00,61.6789,64.4819,37.13,77,12,5.77
495,Saint Anthony,US,2021-09-25 14:02:49,45.0205,-93.218,50.11,75,1,4.0
496,Gornopravdinsk,RU,2021-09-25 14:02:52,60.05,69.9,35.46,78,7,5.46
497,Lufilufi,WS,2021-09-25 14:05:01,-13.8745,-171.5986,79.54,75,9,8.23
498,Ayan,RU,2021-09-25 14:03:15,56.45,138.1667,53.33,67,100,5.7
499,Singleton,AU,2021-09-25 14:05:01,-32.5667,151.1833,56.98,80,100,3.0
500,Kandrian,PG,2021-09-25 13:55:50,-6.2167,149.55,77.29,91,25,6.46
501,Whitehorse,CA,2021-09-25 13:57:00,60.7161,-135.0538,34.02,81,75,5.99
502,Tres Arroyos,AR,2021-09-25 14:05:04,-38.3739,-60.2798,61.95,56,0,19.53
503,Batticaloa,LK,2021-09-25 13:57:10,7.7102,81.6924,83.57,75,95,4.65
504,Aitape,PG,2021-09-25 14:05:05,-3.1374,142.3475,79.5,86,57,5.79
505,Bam,IR,2021-09-25 14:05:05,29.106,58.357,91.78,6,0,8.84
506,Margate,GB,2021-09-25 14:03:25,51.3813,1.3862,71.96,87,98,7.87
507,Fort-Shevchenko,KZ,2021-09-25 14:05:05,44.5086,50.263,60.69,63,90,9.93
508,Parabel,RU,2021-09-25 14:05:06,58.6978,81.4825,32.99,92,99,6.15
509,Krasnoyarsk,RU,2021-09-25 14:00:19,56.0097,92.7917,37.8,79,100,3.6
510,Yazykovo,RU,2021-09-25 14:05:06,55.2199,56.1353,55.4,38,100,18.14
511,Haines Junction,CA,2021-09-25 14:05:06,60.7522,-137.5108,34.48,94,100,2.48
512,Yerbogachen,RU,2021-09-25 13:56:21,61.2767,108.0108,39.45,82,90,7.74
513,Calabozo,VE,2021-09-25 14:05:07,8.9242,-67.4293,77.61,85,95,3.98
514,La Ronge,CA,2021-09-25 13:56:09,55.1001,-105.2842,46.65,76,75,3.44
515,Monterey,US,2021-09-25 14:05:07,36.2505,-121.2516,54.27,56,0,1.77
516,Te Anau,NZ,2021-09-25 13:56:39,-45.4167,167.7167,35.73,91,97,2.26
517,Kaka,TM,2021-09-25 14:05:08,37.3482,59.6143,89.24,20,0,8.63
518,Pangnirtung,CA,2021-09-25 13:56:23,66.1451,-65.7125,36.23,41,46,2.98
519,Krutinka,RU,2021-09-25 14:05:08,56.0055,71.5113,40.95,79,31,14.47
520,Avera,US,2021-09-25 13:55:59,33.194,-82.5271,67.91,55,99,3.22
521,Les Cayes,HT,2021-09-25 14:05:08,18.2,-73.75,85.41,67,0,6.38
522,Fallon,US,2021-09-25 14:05:08,39.4735,-118.7774,56.91,42,1,0.0
523,Nanortalik,GL,2021-09-25 13:56:12,60.1432,-45.2371,39.15,51,0,7.72
524,Stolbishche,RU,2021-09-25 14:05:09,55.6468,49.216,51.89,76,0,8.95
525,Mana,GF,2021-09-25 14:02:43,5.6592,-53.7767,86.81,65,28,7.09
526,Toba Tek Singh,PK,2021-09-25 14:05:09,30.9743,72.4827,90.5,39,0,5.86
527,Mbandaka,CD,2021-09-25 14:05:09,0.0487,18.2603,82.02,64,95,1.5
528,Nishihara,JP,2021-09-25 13:55:58,26.1842,127.7558,83.48,90,40,5.75
529,Puerto Carreno,CO,2021-09-25 14:05:10,6.189,-67.4859,81.25,75,100,3.11
530,Brigantine,US,2021-09-25 14:03:35,39.4101,-74.3646,72.14,61,1,6.91
531,Shannon,IE,2021-09-25 14:05:10,52.7039,-8.8642,72.14,73,75,11.5
532,Santa Maria,BR,2021-09-25 13:57:25,-29.6842,-53.8069,61.9,77,75,8.05
533,Polson,US,2021-09-25 14:02:08,47.6936,-114.1632,50.77,66,41,2.24
534,Camopi,GF,2021-09-25 14:05:11,3.1655,-52.3158,88.43,55,99,3.6
535,Portland,US,2021-09-25 14:02:45,45.5234,-122.6762,63.21,81,1,1.01
536,Laranja Da Terra,BR,2021-09-25 14:05:11,-19.8989,-41.0567,66.51,59,100,4.76
537,Farafangana,MG,2021-09-25 14:05:11,-22.8167,47.8333,73.08,68,1,7.67
538,Same,TZ,2021-09-25 14:05:11,-4.0667,37.7333,78.04,45,99,11.23
539,Negara,ID,2021-09-25 14:05:12,-8.3151,114.6025,75.72,90,71,7.11
540,Comodoro Rivadavia,AR,2021-09-25 13:59:41,-45.8667,-67.5,67.86,34,0,12.66
541,Udachnyy,RU,2021-09-25 14:03:10,66.4167,112.4,35.44,75,17,5.01
542,Cairns,AU,2021-09-25 14:05:12,-16.9167,145.7667,72.1,86,54,4.61
543,Marawi,PH,2021-09-25 13:57:13,7.9986,124.2928,65.64,93,100,4.7
544,Sechura,PE,2021-09-25 13:56:51,-5.5569,-80.8222,68.72,71,87,11.34
